111100,,Petty Cash,Active,ACC,
111200,000,Cash on Hand,Active,ACCASH,
112111,000,Sanwa Bank (Rp),Active,ACCASH,
112112,000,Sanwa Bank (USD),Active,ACCASH,
112113,000,Sanwa Bank (Yen),Active,ACCASH,
112114,000,UFJ Euro,Active,ACCASH,
112121,000,BOT Mitsubishi (USD),Active,ACCASH,
112122,,BOT Mitsubishi (Rp),Active,ACC,
112123,,BOT Mitsubishi (Yen),Active,ACC,
112124,,Bank Of Tokyo Mitsubishi ( EUR,Active,ACC,
112124,000,BOT PMA Mitsubishi (USD),Active,ACCASH,
112131,000,Bank Mandiri (Rp),Active,ACCASH,
112131,110,EXIM Bank (Rp),Active,ACCASH,
112132,000,Bank Mandiri (USD),Active,ACCASH,
112141,000,Bank  BCA (Rp),Active,ACCASH,
112151,000,Bank BII (USD),Active,ACCASH,
112152,000,Bank BII (IDR),Active,ACCASH,
112161,000,Bank Permata ( USD ),Active,ACCASH,
112162,000,Bank Permata ( IDR ),Active,ACCASH,
112171,000,Bank Mizuho Indonesia (USD),Active,ACCASH,
112172,,Bank Mizuho Indonesia (Rp),Active,ACC,
112173,,Bank Mizuho Indonesia (Yen),Active,ACC,
112210,,TD Sanwa Bank (USD),Active,ACC,
112220,,TD BOT Mitsubishi (USD),Active,ACC,
112310,,Deposit Sanwa Bank (USD),Active,ACC,
112320,,Deposit BOT Mitsubishi (USD),Active,ACC,
112330,,Deposit Bank Mandiri,Active,ACC,
112900,,Transfer Account,Active,ACC,
113100,,Marketable Securities,Active,ACC,
113200,,Provision for Diminution in MS,Active,ACC,
114100,,AR MOH,Active,ACC,
114110,,TAR MBL Japan,Active,ACC,
114120,,TAR MBI,Active,ACC,
114121,,TAR MBSI,Active,ACC,
114130,,TAR MBL USA,Active,ACC,
114140,,TAR MBT,Active,ACC,
114145,,TAR STI,Active,ACC,
114150,,TAR MBP,Active,ACC,
114160,,TAR MOH,Active,ACC,
114165,,TAR SMB,Active,ACC,
114170,,TAR MBL Europe,Active,ACC,
114180,,TAR MOI Poland,Active,ACC,
114190,,TAR MBL Germany,Active,ACC,
114195,,TAR MBL INDIA,Active,ACC,
114196,,TAR MBL Shanghai,Active,ACC,
114197,,AR MOI Tech HK,Active,ACC,
114198,,TAR MOH Taiwan,Active,ACC,
114200,,TAR Overseas Non Related,Active,ACC,
114300,,AR Local,Active,ACC,
114910,,Provision for DD - Local,Active,ACC,
114920,,Provision for DD - Overseas,Active,ACC,
115100,,Receivable MBS,Active,ACC,
115110,,OAR MBL Japan,Active,ACC,
115120,,OAR MBI,Active,ACC,
115121,,OAR MBSI,Active,ACC,
115130,,OAR MBL USA,Active,ACC,
115140,,OAR MBT,Active,ACC,
115150,,OAR MBP,Active,ACC,
115160,,OAR MOH,Active,ACC,
115165,,TAR MOI Tech Hong Kong Ltd.,Active,ACC,
115200,,Others Receivable NR,Active,ACC,
115210,,Others Receivable Overseas NR,Active,ACC,
115250,,Others Receivable Local NR,Active,ACC,
115300,,Receivable Employee,Active,ACC,
115900,,Receivable Others,Active,ACC,
115901,,Receivable Other - DGT,Active,ACC,
116110,,Finished Goods-Wrapped V-Belts,Active,ACC,
116115,,Finished Goods-Wrapped V-Belts Trading Product,Active,ACC,
116130,,Finished Goods-Raw Edge,Active,ACC,
116135,,Finished Goods-Raw Edge Trading Product,Active,ACC,
116140,,Finished Goods-RibStar,Active,ACC,
116145,,Finished Goods-RibStar Trading Product,Active,ACC,
116150,,Finished Goods-Timing Belt,Active,ACC,
116155,,Finished Goods-Timing Belt Trading Product,Active,ACC,
116185,,Finished Good-Others Trading Product,Active,ACC,
116190,,Finished Goods-Others,Active,ACC,
116191,,Stock In Transit,Active,ACC,
116195,,Allocation to Finish Goods,Active,ACC,
116200,,Unrealized Inventory,Active,ACC,
116310,,Rubber,Active,ACC,
116320,,Chemical,Active,ACC,
116330,,Fabric,Active,ACC,
116340,,Cord/Rope,Active,ACC,
116350,,Production Supplies,Active,ACC,
116351,,Marking,Active,ACC,
116385,,Raw Material - Others Trading Product,Active,ACC,
116390,,Raw Materials-Others,Active,ACC,
116395,,Allocation to Raw Material,Active,ACC,
116400,,Production Supplies,Active,ACC,
116401,,Production Tools,Active,ACC,
116402,,Material Others,Active,ACC,
116403,,Rubber Jacket,Active,ACC,
116510,,WIP-Mills & Bias / Slitter,Active,ACC,
116520,,WIP-Wrapped V-Belts,Active,ACC,
116530,,WIP-Raw Edge,Active,ACC,
116540,,WIP-Ribstar,Active,ACC,
116550,,WIP-Timming Belt,Active,ACC,
116580,,Contra Acc. WIP-Direct Actual,Active,ACC,
116590,,WIP-Others,Active,ACC,
116595,,Allocation Variance to WIP,Active,ACC,
116600,,Spareparts,Active,ACC,
116710,,Raw Materials,Active,ACC,
116810,,Stock Adj. STD Cost,Active,ACC,
116820,,Provision for Stock YE Adj.,Active,ACC,
116910,,Goods In Transit,Active,ACC,
117100,,Prepaid Income Tax article 21,Active,ACC,
117200,,Prepaid Income Tax article 22,Active,ACC,
117300,,Prepaid Income Tax article 23,Active,ACC,
117400,,Prepaid Income Tax article 24,Active,ACC,
117500,,Prepaid Income Tax article 25,Active,ACC,
117600,,Prepaid Income Tax article 26,Active,ACC,
117700,,Prepaid Income Tax article 29,Active,ACC,
117800,,VAT In,Active,ACC,
117801,,VAT In - Exempt,Active,ACC,
117900,,Prepaid Tax,Active,ACC,
118100,101,Prepaid Insurance,Active,ACCOST,
118200,101,Prepaid Rent,Active,ACCOST,
118300,230,Production Supplies,Active,ACCOST,
118400,101,Advance Housing,Active,ACCOST,
118900,101,Prepaid-Others,Active,ACCOST,
118900,230,Prepaid-Others,Active,ACCOST,
119100,,Advances to Employees,Active,ACC,
119100,000,Advance fr STI,Active,ACCASH,
119100,101,Advance for General,Active,ACCOST,
119100,110,Advance for Admin. & GA,Active,ACCOST,
119100,120,Advance for Accounting,Active,ACCOST,
119100,230,Advance for Production,Active,ACCOST,
119100,240,Advance for QC,Active,ACCOST,
119100,250,Advance for Maintenance,Active,ACCOST,
119200,101,Loan to GA Empl.,Active,ACCOST,
119200,110,Loan to ADM. Empl.,Active,ACCOST,
119200,120,Loan to Acct. Empl.,Active,ACCOST,
119200,230,Loan to Production,Active,ACCOST,
119200,240,Loan to QC,Active,ACCOST,
119200,250,Loan to Maintenance,Active,ACCOST,
121100,,Land,Active,ACC,
121200,,Buildings,Active,ACC,
121300,,Structures,Active,ACC,
121400,,Furniture & Fittings,Active,ACC,
121500,,Office Equipment,Active,ACC,
121600,,Factory Equipment,Active,ACC,
121700,,Plant & Machinery,Active,ACC,
121800,,Motor Vehicle,Active,ACC,
121900,,Tools,Active,ACC,
121990,,Idle Fixed Assets,Active,ACC,
122200,,Accm. Depr. Buildings,Active,ACC,
122300,,Accm. Depr. Structures,Active,ACC,
122400,,Accm. Depr. Furniture&Fittings,Active,ACC,
122500,,Accm. Depr. Office Equipment,Active,ACC,
122600,,Accm. Depr. Factory Equipm.,Active,ACC,
122700,,Accm. Depr. Plant&Machinery,Active,ACC,
122800,,Accm. Depr. Motor Vehicle,Active,ACC,
122900,,Accm. Depr. Tools,Active,ACC,
123400,,Furniture & Fittings-Leasing,Active,ACC,
123500,,Office Equipment-Leasing,Active,ACC,
123600,,Factory Equipment-Leasing,Active,ACC,
123700,,Plant & Machinery-Leasing,Active,ACC,
123800,,Motor Vehicle-Leasing,Active,ACC,
123900,,Tools-Leasing,Active,ACC,
124201,,RoU Asset - Accm Depr. Building,Active,ACC,
124400,,Accm. Depr. Furniture&Fittings - Leasing,Active,ACC,
124500,,Accm. Depr. Office Equipment - Leasing,Active,ACC,
124600,,Accm. Depr. Factory Equipment - Leasing,Active,ACC,
124700,,Accm. Depr. Plant & Machinery - Leasing,Active,ACC,
124800,,Accm. Depr. Motor Vehicle - Leasing,Active,ACC,
124900,,Accm. Depr. Tools - leasing,Active,ACC,
125000,,Investments in Stock,Active,ACC,
161100,,Trade Mark,Active,ACC,
162100,,Accm. Amortization Trade Mark,Active,ACC,
163200,,RoU Asset - Building,Active,ACC,
164200,,RoU Asset - Accm Depr. Building,Active,ACC,
191100,,Club Membership,Active,ACC,
192100,,Refundable Deposits,Active,ACC,
193100,,Fixed Assets in Progress,Active,ACC,
193110,,FAIP - Other Asset,Active,ACC,
194000,,Deffered Tax Assets,Active,ACC,
199999,,Cliring Account,Active,ACC,
211100,,Short Term Loan-Sanwa Bank,Active,ACC,
211200,,Short Term Loan-BOT Mitsubishi,Active,ACC,
211300,,S.Term Loan-Mitsuboshi JPN Ltd,Active,ACC,
211400,,Short Term Loan Mizuho,Active,ACC,
212100,,Current Portion of LT Sanwa Ba,Active,ACC,
212200,,Current Portion of LT BOT Mits,Active,ACC,
212300,,Current Portion Of LT Bank Mizuho,Active,ACC,
212500,,Current Portion LT A/P,Active,ACC,
213100,,TAP-MOH,Active,ACC,
213110,,TAP MBL Japan,Active,ACC,
213120,,TAP MBI,Active,ACC,
213130,,TAP MBL USA,Active,ACC,
213140,,TAP STI,Active,ACC,
213150,,TAP MBP,Active,ACC,
213160,,TAP MOH,Active,ACC,
213170,,TAP MB India,Active,ACC,
213200,,AP-Related/Group,Active,ACC,
213300,,AP-Local,Active,ACC,
213350,,AP-Import NR,Active,ACC,
213500,,OAP MBS,Active,ACC,
213510,,OAP MBL Japan,Active,ACC,
213520,,OAP MBI,Active,ACC,
213530,,OAP MBL USA,Active,ACC,
213540,,OAP MBT,Active,ACC,
213550,,OAP MBP,Active,ACC,
213560,,OAP MOH,Active,ACC,
213565,,OAP Mitsuboshi India,Active,ACC,
213710,,OAP Local NR,Active,ACC,
213750,,OAP Import  NR,Active,ACC,
213900,,AP-Other,Active,ACC,
213910,,AP Other Parties,Active,ACC,
213930,,OAP MBT,Active,ACC,
213940,,[TEMPORARY ACCOUNT],Active,ACC,
214100,,Income Tax Payable Article 21,Active,ACC,
214200,,Income Tax Payable Article 22,Active,ACC,
214300,,Income Tax Payable Article 23,Active,ACC,
214400,,Income Tax Payable Article 24,Active,ACC,
214500,,Income Tax Payable Article 25,Active,ACC,
214600,,Income Tax Payable Article 26,Active,ACC,
214700,,Income Tax Payable Article 29,Active,ACC,
214800,,VAT-Out,Active,ACC,
214801,,VAT-Out - Exempt,Active,ACC,
215110,101,Accrued for Audit Fees,Active,ACCOST,
215120,101,Accrued Secretarial Fees,Active,ACCOST,
215130,101,Accrued Consultancy Fees,Active,ACCOST,
215140,101,Accrued Commission MOH,Active,ACCOST,
215200,101,Accrued Royalties,Active,ACCOST,
215310,101,Accrued Salaries,Active,ACCOST,
215320,101,Accrued Allowances,Active,ACCOST,
215330,101,Accrued Overtime,Active,ACCOST,
215340,,Accrued Retirement,Active,ACC,
215350,,,Inactive,ACC,
215350,101,,Active,ACCOST,
215360,101,,Active,ACCOST,
215410,101,,Active,ACCOST,
215420,101,,Active,ACCOST,
215430,101,,Active,ACCOST,
215440,101,,Active,ACCOST,
215800,101,,Active,ACCOST,
216110,101,,Active,ACCOST,
216120,101,,Active,ACCOST,
216210,101,,Active,ACCOST,
216220,101,,Active,ACCOST,
217100,101,,Active,ACCOST,
218000,,,Active,ACC,
219100,101,,Active,ACCOST,
221100,,,Active,ACC,
221200,,,Active,ACC,
221300,,,Active,ACC,
222100,,,Active,ACC,
223100,,,Active,ACC,
224100,,,Active,ACC,
227100,,,Active,ACC,
227105,,,Active,ACC,
228100,,,Active,ACC,
311100,,,Active,ACC,
312000,,,Active,ACC,
313100,,,Active,ACC,
320000,,,Inactive,ACC,
321000,,,Inactive,ACC,
321100,,,Active,ACC,
322000,,,Inactive,ACC,
322100,,,Active,ACC,
322200,,,Active,ACC,
390000,,,Active,ACC,
411100,,,Active,ACC,
411200,,,Active,ACC,
411300,,,Active,ACC,
411400,,,Active,ACC,
411500,,,Active,ACC,
411510,,,Active,ACC,
411600,,,Active,ACC,
411700,,,Active,ACC,
411800,,,Active,ACC,
411810,,,Active,ACC,
411820,,,Active,ACC,
411830,,,Active,ACC,
411840,,,Active,ACC,
411850,,,Active,ACC,
411860,,,Active,ACC,
411870,,,Active,ACC,
411880,,,Active,ACC,
411890,,,Active,ACC,
411900,,,Active,ACC,
412100,,,Active,ACC,
412200,,,Active,ACC,
412300,,,Active,ACC,
412400,,,Active,ACC,
412500,,,Active,ACC,
412600,,,Active,ACC,
412601,,,Active,ACC,
412700,,,Active,ACC,
412701,,,Active,ACC,
412702,,,Active,ACC,
412703,,,Active,ACC,
412710,,,Active,ACC,
412711,,,Active,ACC,
412712,,,Active,ACC,
412713,,,Active,ACC,
412714,,,Active,ACC,
412715,,,Active,ACC,
412716,,,Active,ACC,
412717,,,Active,ACC,
412718,,,Active,ACC,
412719,,,Active,ACC,
412720,,,Active,ACC,
412721,,,Active,ACC,
412722,,,Active,ACC,
412723,,,Active,ACC,
412724,,,Active,ACC,
412725,,,Active,ACC,
412726,,,Active,ACC,
412727,,,Active,ACC,
412728,,,Active,ACC,
412729,,,Active,ACC,
412730,,,Active,ACC,
412731,,,Active,ACC,
412732,,,Active,ACC,
412800,,,Active,ACC,
412810,,,Active,ACC,
412900,,,Active,ACC,
412999,,,Active,ACC,
413100,,,Active,ACC,
413101,,,Active,ACC,
413200,,,Active,ACC,
413300,,,Active,ACC,
413400,,,Active,ACC,
413500,,,Active,ACC,
413900,,,Active,ACC,
414100,,,Active,ACC,
414200,,,Active,ACC,
414300,,,Active,ACC,
414400,,,Active,ACC,
414500,,,Active,ACC,
414599,,,Active,ACC,
414900,,,Active,ACC,
414999,,,Active,ACC,
421100,,,Active,ACC,
421200,,,Active,ACC,
421300,,,Active,ACC,
421400,,,Active,ACC,
421500,,,Active,ACC,
421900,,,Active,ACC,
422100,,,Active,ACC,
422200,,,Active,ACC,
422300,,,Active,ACC,
422400,,,Active,ACC,
422500,,,Active,ACC,
422900,,,Active,ACC,
431100,,,Active,ACC,
431200,,,Active,ACC,
431300,,,Active,ACC,
431400,,,Active,ACC,
431500,,,Active,ACC,
431900,,,Active,ACC,
432100,,,Active,ACC,
432200,,,Active,ACC,
432300,,,Active,ACC,
432400,,,Active,ACC,
432500,,,Active,ACC,
432900,,,Active,ACC,
511100,230,,Active,ACCOST,
511100,231,,Active,ACCOST,
511100,232,,Active,ACCOST,
511100,233,,Active,ACCOST,
511100,234,,Active,ACCOST,
511100,235,,Active,ACCOST,
511100,236,,Active,ACCOST,
512100,,,Active,ACC,
512100,230,,Active,ACCOST,
512300,230,,Active,ACCOST,
512400,,,Active,ACC,
512400,230,,Active,ACCOST,
512500,,,Active,ACC,
512500,230,,Active,ACCOST,
512599,,,Active,ACC,
512700,,,Active,ACC,
512800,,,Active,ACC,
512900,,,Active,ACC,
512999,,,Active,ACC,
521100,,,Active,ACC,
521101,,,Active,ACC,
521102,,,Active,ACC,
521200,230,,Active,ACCOST,
521300,230,,Active,ACCOST,
521400,230,,Active,ACCOST,
521500,,,Active,ACC,
521900,230,,Active,ACCOST,
521950,230,,Active,ACCOST,
521959,,,Active,ACC,
522100,,,Active,ACC,
522700,,,Active,ACC,
522705,,,Active,ACC,
522900,,,Active,ACC,
522950,,,Active,ACC,
523100,,,Active,ACC,
523110,,,Active,ACC,
523111,,,Active,ACC,
523112,,,Active,ACC,
523113,,,Active,ACC,
523114,,,Active,ACC,
523115,,,Active,ACC,
523120,,,Active,ACC,
523121,,,Active,ACC,
523122,,,Active,ACC,
523123,,,Active,ACC,
523124,,,Active,ACC,
523125,,,Active,ACC,
523130,,,Active,ACC,
523131,,,Active,ACC,
523132,,,Active,ACC,
523133,,,Active,ACC,
523134,,,Active,ACC,
523135,,,Active,ACC,
523140,,,Active,ACC,
523141,,,Active,ACC,
523142,,,Active,ACC,
523143,,,Active,ACC,
523144,,,Active,ACC,
523145,,,Active,ACC,
523150,,,Active,ACC,
523151,,,Active,ACC,
523152,,,Active,ACC,
523153,,,Active,ACC,
523154,,,Active,ACC,
523155,,,Active,ACC,
523160,,,Active,ACC,
523161,,,Active,ACC,
523162,,,Active,ACC,
523163,,,Active,ACC,
523164,,,Active,ACC,
523165,,,Active,ACC,
523199,,,Active,ACC,
531100,,,Active,ACC,
531200,,,Active,ACC,
531300,,,Active,ACC,
531400,,,Active,ACC,
531500,,,Active,ACC,
531600,,,Active,ACC,
531900,,,Active,ACC,
535100,,,Active,ACC,
535200,,,Active,ACC,
535300,,,Active,ACC,
535400,,,Active,ACC,
535500,,,Active,ACC,
535600,,,Active,ACC,
535900,,,Active,ACC,
536000,,,Active,ACC,
601100,,,Active,ACC,
601100,200,,Active,ACCOST,
601100,205,,Active,ACCOST,
601100,210,,Active,ACCOST,
601100,215,,Active,ACCOST,
601100,220,,Active,ACCOST,
601100,230,,Active,ACCOST,
601100,240,,Active,ACCOST,
601100,245,,Active,ACCOST,
601100,249,,Active,ACCOST,
601100,260,,Active,ACCOST,
601100,265,,Active,ACCOST,
601100,270,,Active,ACCOST,
601100,275,,Active,ACCOST,
601100,290,,Active,ACCOST,
601200,,,Active,ACC,
601200,200,,Active,ACCOST,
601200,205,,Active,ACCOST,
601200,210,,Active,ACCOST,
601200,215,,Active,ACCOST,
601200,220,,Active,ACCOST,
601200,230,,Active,ACCOST,
601200,240,,Active,ACCOST,
601200,245,,Active,ACCOST,
601200,249,,Active,ACCOST,
601200,260,,Active,ACCOST,
601200,265,,Active,ACCOST,
601200,270,,Active,ACCOST,
601200,275,,Active,ACCOST,
601200,290,,Active,ACCOST,
601300,,,Active,ACC,
601300,200,,Active,ACCOST,
601300,205,,Active,ACCOST,
601300,210,,Active,ACCOST,
601300,215,,Active,ACCOST,
601300,220,,Active,ACCOST,
601300,230,,Active,ACCOST,
601300,240,,Active,ACCOST,
601300,245,,Active,ACCOST,
601300,249,,Active,ACCOST,
601300,260,,Active,ACCOST,
601300,265,,Active,ACCOST,
601300,270,,Active,ACCOST,
601300,275,,Active,ACCOST,
601300,290,,Active,ACCOST,
601400,,,Active,ACC,
601400,200,,Active,ACCOST,
601400,205,,Active,ACCOST,
601400,210,,Active,ACCOST,
601400,215,,Active,ACCOST,
601400,220,,Active,ACCOST,
601400,230,,Active,ACCOST,
601400,240,,Active,ACCOST,
601400,245,,Active,ACCOST,
601400,249,,Active,ACCOST,
601400,260,,Active,ACCOST,
601400,265,,Active,ACCOST,
601400,270,,Active,ACCOST,
601400,275,,Active,ACCOST,
601400,290,,Active,ACCOST,
601500,,,Active,ACC,
601500,200,,Active,ACCOST,
601500,205,,Active,ACCOST,
601500,210,,Active,ACCOST,
601500,215,,Active,ACCOST,
601500,220,,Active,ACCOST,
601500,230,,Active,ACCOST,
601500,240,,Active,ACCOST,
601500,245,,Active,ACCOST,
601500,249,,Active,ACCOST,
601500,260,,Active,ACCOST,
601500,265,,Active,ACCOST,
601500,270,,Active,ACCOST,
601500,275,,Active,ACCOST,
601500,290,,Active,ACCOST,
601500,800,,Active,ACCOST,
601600,,,Active,ACC,
601600,110,,Active,ACCOST,
601600,200,,Active,ACCOST,
601600,205,,Active,ACCOST,
601600,210,,Active,ACCOST,
601600,215,,Active,ACCOST,
601600,220,,Active,ACCOST,
601600,230,,Active,ACCOST,
601600,240,,Active,ACCOST,
601600,245,,Active,ACCOST,
601600,249,,Active,ACCOST,
601600,260,,Active,ACCOST,
601600,265,,Active,ACCOST,
601600,270,,Active,ACCOST,
601600,275,,Active,ACCOST,
601600,290,,Active,ACCOST,
601800,,,Inactive,ACC,
601800,230,,Active,ACCOST,
601810,230,,Inactive,ACCOST,
601900,,,Active,ACC,
601900,200,,Active,ACCOST,
601900,205,,Active,ACCOST,
601900,210,,Active,ACCOST,
601900,215,,Active,ACCOST,
601900,220,,Active,ACCOST,
601900,230,,Active,ACCOST,
601900,240,,Active,ACCOST,
601900,245,,Active,ACCOST,
601900,249,,Active,ACCOST,
601900,260,,Active,ACCOST,
601900,265,,Active,ACCOST,
601900,270,,Active,ACCOST,
601900,275,,Active,ACCOST,
601900,290,,Active,ACCOST,
601950,,,Active,ACC,
601999,,,Active,ACC,
602110,,,Active,ACC,
602110,101,,Active,ACCOST,
602110,110,,Active,ACCOST,
602110,120,,Active,ACCOST,
602110,130,,Active,ACCOST,
602110,150,,Active,ACCOST,
602110,200,,Active,ACCOST,
602110,205,,Active,ACCOST,
602110,210,,Active,ACCOST,
602110,215,,Active,ACCOST,
602110,220,,Active,ACCOST,
602110,230,,Active,ACCOST,
602110,231,,Active,ACCOST,
602110,232,,Active,ACCOST,
602110,233,,Active,ACCOST,
602110,234,,Active,ACCOST,
602110,235,,Active,ACCOST,
602110,236,,Active,ACCOST,
602110,237,,Active,ACCOST,
602110,239,,Active,ACCOST,
602110,240,,Active,ACCOST,
602110,241,,Inactive,ACCASH,
602110,242,,Active,ACCOST,
602110,245,,Active,ACCOST,
602110,249,,Active,ACCOST,
602110,260,,Active,ACCOST,
602110,261,,Active,ACCOST,
602110,265,,Active,ACCOST,
602110,266,,Active,ACCOST,
602110,270,,Active,ACCOST,
602110,271,,Active,ACCOST,
602110,275,,Active,ACCOST,
602110,276,,Active,ACCOST,
602110,277,,Active,ACCOST,
602110,290,,Active,ACCOST,
602110,400,,Active,ACCOST,
602110,500,,Active,ACCOST,
602110,600,,Active,ACCOST,
602110,700,,Active,ACCOST,
602110,800,,Active,ACCOST,
602110,900,,Active,ACCOST,
602111,,,Active,ACC,
602111,101,,Active,ACCOST,
602111,110,,Active,ACCOST,
602111,120,,Active,ACCOST,
602111,130,,Active,ACCOST,
602111,150,,Active,ACCOST,
602111,200,,Active,ACCOST,
602111,205,,Active,ACCOST,
602111,210,,Active,ACCOST,
602111,215,,Active,ACCOST,
602111,220,,Active,ACCOST,
602111,230,,Active,ACCOST,
602111,231,,Active,ACCOST,
602111,232,,Active,ACCOST,
602111,233,,Active,ACCOST,
602111,234,,Active,ACCOST,
602111,235,,Active,ACCOST,
602111,236,,Active,ACCOST,
602111,237,,Active,ACCOST,
602111,239,,Active,ACCOST,
602111,240,,Active,ACCOST,
602111,241,,Active,ACCOST,
602111,245,,Active,ACCOST,
602111,249,,Active,ACCOST,
602111,250,,Active,ACCOST,
602111,260,,Active,ACCOST,
602111,261,,Active,ACCOST,
602111,265,,Active,ACCOST,
602111,266,,Active,ACCOST,
602111,270,,Active,ACCOST,
602111,271,,Active,ACCOST,
602111,275,,Active,ACCOST,
602111,277,,Active,ACCOST,
602111,290,,Active,ACCOST,
602111,400,,Active,ACCOST,
602111,500,,Active,ACCOST,
602111,600,,Active,ACCOST,
602111,700,,Active,ACCOST,
602111,800,,Active,ACCOST,
602111,900,,Active,ACCOST,
602120,,,Active,ACC,
602120,101,,Active,ACCOST,
602120,110,,Active,ACCOST,
602120,120,,Active,ACCOST,
602120,130,,Active,ACCOST,
602120,150,,Active,ACCOST,
602120,200,,Active,ACCOST,
602120,205,,Active,ACCOST,
602120,210,,Active,ACCOST,
602120,215,,Active,ACCOST,
602120,220,,Active,ACCOST,
602120,230,,Active,ACCOST,
602120,231,,Active,ACCOST,
602120,232,,Active,ACCOST,
602120,233,,Active,ACCOST,
602120,234,,Active,ACCOST,
602120,235,,Active,ACCOST,
602120,236,,Active,ACCOST,
602120,237,,Active,ACCOST,
602120,238,,Active,ACCOST,
602120,239,,Active,ACCOST,
602120,240,,Active,ACCOST,
602120,241,,Active,ACCOST,
602120,245,,Active,ACCOST,
602120,249,,Active,ACCOST,
602120,250,,Inactive,ACCOST,
602120,260,,Active,ACCOST,
602120,261,,Active,ACCOST,
602120,265,,Active,ACCOST,
602120,266,,Active,ACCOST,
602120,270,,Active,ACCOST,
602120,271,,Active,ACCOST,
602120,275,,Active,ACCOST,
602120,276,,Active,ACCOST,
602120,277,,Active,ACCOST,
602120,290,,Active,ACCOST,
602120,400,,Active,ACCOST,
602120,500,,Active,ACCOST,
602120,600,,Active,ACCOST,
602120,700,,Active,ACCOST,
602120,800,,Active,ACCOST,
602120,900,,Active,ACCOST,
602130,,,Active,ACC,
602130,101,,Active,ACCOST,
602130,110,,Active,ACCOST,
602130,120,,Active,ACCOST,
602130,130,,Active,ACCOST,
602130,150,,Active,ACCOST,
602130,200,,Active,ACCOST,
602130,205,,Active,ACCOST,
602130,210,,Active,ACCOST,
602130,215,,Active,ACCOST,
602130,220,,Active,ACCOST,
602130,230,,Active,ACCOST,
602130,231,,Active,ACCOST,
602130,232,,Active,ACCOST,
602130,233,,Active,ACCOST,
602130,234,,Active,ACCOST,
602130,235,,Active,ACCOST,
602130,236,,Active,ACCOST,
602130,237,,Active,ACCOST,
602130,238,,Active,ACCOST,
602130,239,,Active,ACCOST,
602130,240,,Active,ACCOST,
602130,241,,Active,ACCOST,
602130,245,,Active,ACCOST,
602130,249,,Active,ACCOST,
602130,250,,Active,ACCOST,
602130,260,,Active,ACCOST,
602130,261,,Active,ACCOST,
602130,265,,Active,ACCOST,
602130,266,,Active,ACCOST,
602130,270,,Active,ACCOST,
602130,271,,Active,ACCOST,
602130,275,,Active,ACCOST,
602130,276,,Active,ACCOST,
602130,277,,Active,ACCOST,
602130,290,,Active,ACCOST,
602130,400,,Active,ACCOST,
602130,500,,Active,ACCOST,
602130,600,,Active,ACCOST,
602130,700,,Active,ACCOST,
602130,800,,Active,ACCOST,
602130,900,,Active,ACCOST,
602200,,,Active,ACC,
602200,101,,Active,ACCOST,
602200,110,,Active,ACCOST,
602200,120,,Active,ACCOST,
602200,130,,Active,ACCOST,
602200,150,,Active,ACCOST,
602200,200,,Active,ACCOST,
602200,205,,Active,ACCOST,
602200,210,,Active,ACCOST,
602200,215,,Active,ACCOST,
602200,220,,Active,ACCOST,
602200,230,,Active,ACCOST,
602200,231,,Active,ACCOST,
602200,232,,Active,ACCOST,
602200,233,,Active,ACCOST,
602200,234,,Active,ACCOST,
602200,235,,Active,ACCOST,
602200,236,,Active,ACCOST,
602200,237,,Active,ACCOST,
602200,238,,Active,ACCOST,
602200,239,,Active,ACCOST,
602200,240,,Active,ACCOST,
602200,242,,Active,ACCOST,
602200,245,,Active,ACCOST,
602200,249,,Active,ACCOST,
602200,250,,Active,ACCOST,
602200,260,,Active,ACCOST,
602200,261,,Active,ACCOST,
602200,265,,Active,ACCOST,
602200,266,,Active,ACCOST,
602200,270,,Active,ACCOST,
602200,271,,Active,ACCOST,
602200,275,,Active,ACCOST,
602200,277,,Active,ACCOST,
602200,290,,Active,ACCOST,
602200,400,,Active,ACCOST,
602200,500,,Active,ACCOST,
602200,600,,Active,ACCOST,
602200,700,,Active,ACCOST,
602200,800,,Active,ACCOST,
602200,900,,Active,ACCOST,
602310,,,Active,ACC,
602310,101,,Active,ACCOST,
602310,110,,Active,ACCOST,
602310,120,,Active,ACCOST,
602310,130,,Active,ACCOST,
602310,150,,Active,ACCOST,
602310,200,,Active,ACCOST,
602310,205,,Active,ACCOST,
602310,210,,Active,ACCOST,
602310,215,,Active,ACCOST,
602310,220,,Active,ACCOST,
602310,230,,Active,ACCOST,
602310,231,,Active,ACCOST,
602310,232,,Active,ACCOST,
602310,233,,Active,ACCOST,
602310,234,,Active,ACCOST,
602310,235,,Active,ACCOST,
602310,236,,Active,ACCOST,
602310,237,,Active,ACCOST,
602310,238,,Active,ACCOST,
602310,239,,Active,ACCOST,
602310,240,,Active,ACCOST,
602310,241,,Active,ACCOST,
602310,245,,Active,ACCOST,
602310,249,,Active,ACCOST,
602310,250,,Active,ACCOST,
602310,260,,Active,ACCOST,
602310,261,,Active,ACCOST,
602310,265,,Active,ACCOST,
602310,266,,Active,ACCOST,
602310,270,,Active,ACCOST,
602310,271,,Active,ACCOST,
602310,275,,Active,ACCOST,
602310,276,,Active,ACCOST,
602310,277,,Active,ACCOST,
602310,290,,Active,ACCOST,
602310,400,,Active,ACCOST,
602310,500,,Active,ACCOST,
602310,600,,Active,ACCOST,
602310,700,,Active,ACCOST,
602310,800,,Active,ACCOST,
602310,900,,Active,ACCOST,
602320,101,,Active,ACCOST,
602320,110,,Active,ACCOST,
602320,120,,Active,ACCOST,
602320,230,,Active,ACCOST,
602320,231,,Active,ACCOST,
602320,232,,Active,ACCOST,
602320,233,,Active,ACCOST,
602320,234,,Active,ACCOST,
602320,235,,Active,ACCOST,
602320,236,,Active,ACCOST,
602320,237,,Active,ACCOST,
602320,238,,Active,ACCOST,
602320,239,,Active,ACCOST,
602320,240,,Active,ACCOST,
602320,250,,Active,ACCOST,
602330,,,Active,ACC,
602330,101,,Active,ACCOST,
602330,110,,Active,ACCOST,
602330,120,,Active,ACCOST,
602330,130,,Active,ACCOST,
602330,150,,Active,ACCOST,
602330,200,,Active,ACCOST,
602330,205,,Active,ACCOST,
602330,210,,Active,ACCOST,
602330,215,,Active,ACCOST,
602330,220,,Active,ACCOST,
602330,230,,Active,ACCOST,
602330,231,,Active,ACCOST,
602330,232,,Active,ACCOST,
602330,233,,Active,ACCOST,
602330,234,,Active,ACCOST,
602330,235,,Active,ACCOST,
602330,236,,Active,ACCOST,
602330,237,,Active,ACCOST,
602330,238,,Active,ACCOST,
602330,239,,Active,ACCOST,
602330,240,,Active,ACCOST,
602330,241,,Active,ACCOST,
602330,245,,Active,ACCOST,
602330,249,,Active,ACCOST,
602330,250,,Active,ACCOST,
602330,260,,Active,ACCOST,
602330,261,,Active,ACCOST,
602330,265,,Active,ACCOST,
602330,266,,Active,ACCOST,
602330,270,,Active,ACCOST,
602330,271,,Active,ACCOST,
602330,275,,Active,ACCOST,
602330,277,,Active,ACCOST,
602330,290,,Active,ACCOST,
602330,400,,Active,ACCOST,
602330,500,,Active,ACCOST,
602330,600,,Active,ACCOST,
602330,700,,Active,ACCOST,
602330,800,,Active,ACCOST,
602330,900,,Active,ACCOST,
602410,,,Active,ACC,
602410,101,,Active,ACCOST,
602410,110,,Active,ACCOST,
602410,120,,Active,ACCOST,
602410,130,,Active,ACCOST,
602410,150,,Active,ACCOST,
602410,200,,Active,ACCOST,
602410,205,,Active,ACCOST,
602410,210,,Active,ACCOST,
602410,215,,Active,ACCOST,
602410,220,,Active,ACCOST,
602410,230,,Active,ACCOST,
602410,231,,Active,ACCOST,
602410,232,,Active,ACCOST,
602410,233,,Active,ACCOST,
602410,234,,Active,ACCOST,
602410,235,,Active,ACCOST,
602410,236,,Active,ACCOST,
602410,237,,Active,ACCOST,
602410,238,,Active,ACCOST,
602410,239,,Active,ACCOST,
602410,240,,Active,ACCOST,
602410,241,,Active,ACCOST,
602410,245,,Active,ACCOST,
602410,249,,Active,ACCOST,
602410,250,,Active,ACCOST,
602410,260,,Active,ACCOST,
602410,261,,Active,ACCOST,
602410,265,,Active,ACCOST,
602410,270,,Active,ACCOST,
602410,271,,Active,ACCOST,
602410,275,,Active,ACCOST,
602410,277,,Active,ACCOST,
602410,290,,Active,ACCOST,
602410,400,,Active,ACCOST,
602410,500,,Active,ACCOST,
602410,600,,Active,ACCOST,
602410,700,,Active,ACCOST,
602410,800,,Active,ACCOST,
602410,900,,Active,ACCOST,
602420,,,Active,ACC,
602420,101,,Active,ACCOST,
602420,110,,Active,ACCOST,
602420,120,,Active,ACCOST,
602420,130,,Active,ACCOST,
602420,150,,Active,ACCOST,
602420,200,,Active,ACCOST,
602420,205,,Active,ACCOST,
602420,210,,Active,ACCOST,
602420,215,,Active,ACCOST,
602420,220,,Active,ACCOST,
602420,230,,Active,ACCOST,
602420,231,,Active,ACCOST,
602420,232,,Active,ACCOST,
602420,233,,Active,ACCOST,
602420,234,,Active,ACCOST,
602420,235,,Active,ACCOST,
602420,236,,Active,ACCOST,
602420,237,,Active,ACCOST,
602420,238,,Active,ACCOST,
602420,239,,Active,ACCOST,
602420,240,,Active,ACCOST,
602420,245,,Active,ACCOST,
602420,249,,Active,ACCOST,
602420,250,,Active,ACCOST,
602420,260,,Active,ACCOST,
602420,265,,Active,ACCOST,
602420,270,,Active,ACCOST,
602420,275,,Active,ACCOST,
602420,290,,Active,ACCOST,
602420,400,,Active,ACCOST,
602420,500,,Active,ACCOST,
602420,600,,Active,ACCOST,
602420,700,,Active,ACCOST,
602420,800,,Active,ACCOST,
602420,900,,Active,ACCOST,
602430,101,,Active,ACCOST,
602430,110,,Active,ACCOST,
602430,120,,Active,ACCOST,
602430,230,,Active,ACCOST,
602430,231,,Active,ACCOST,
602430,232,,Active,ACCOST,
602430,233,,Active,ACCOST,
602430,234,,Active,ACCOST,
602430,235,,Active,ACCOST,
602430,236,,Active,ACCOST,
602430,237,,Active,ACCOST,
602430,238,,Active,ACCOST,
602430,239,,Active,ACCOST,
602430,240,,Active,ACCOST,
602430,250,,Active,ACCOST,
602500,,,Active,ACC,
602500,101,,Active,ACCOST,
602500,110,,Active,ACCOST,
602500,120,,Active,ACCOST,
602500,130,,Active,ACCOST,
602500,150,,Active,ACCOST,
602500,200,,Active,ACCOST,
602500,205,,Active,ACCOST,
602500,210,,Active,ACCOST,
602500,215,,Active,ACCOST,
602500,220,,Active,ACCOST,
602500,230,,Active,ACCOST,
602500,231,,Active,ACCOST,
602500,240,,Active,ACCOST,
602500,245,,Active,ACCOST,
602500,249,,Active,ACCOST,
602500,260,,Active,ACCOST,
602500,265,,Active,ACCOST,
602500,270,,Active,ACCOST,
602500,275,,Active,ACCOST,
602500,290,,Active,ACCOST,
602500,400,,Active,ACCOST,
602500,500,,Active,ACCOST,
602500,600,,Active,ACCOST,
602500,700,,Active,ACCOST,
602500,800,,Active,ACCOST,
602500,900,,Active,ACCOST,
602600,,,Active,ACC,
602600,101,,Active,ACCOST,
602600,110,,Active,ACCOST,
602600,120,,Active,ACCOST,
602600,130,,Active,ACCOST,
602600,150,,Active,ACCOST,
602600,200,,Active,ACCOST,
602600,205,,Active,ACCOST,
602600,210,,Active,ACCOST,
602600,215,,Active,ACCOST,
602600,220,,Active,ACCOST,
602600,230,,Active,ACCOST,
602600,231,,Active,ACCOST,
602600,232,,Active,ACCOST,
602600,233,,Active,ACCOST,
602600,234,,Active,ACCOST,
602600,235,,Active,ACCOST,
602600,236,,Active,ACCOST,
602600,237,,Active,ACCOST,
602600,238,,Active,ACCOST,
602600,239,,Active,ACCOST,
602600,240,,Active,ACCOST,
602600,241,,Active,ACCOST,
602600,245,,Active,ACCOST,
602600,249,,Active,ACCOST,
602600,260,,Active,ACCOST,
602600,261,,Active,ACCOST,
602600,265,,Active,ACCOST,
602600,266,,Active,ACCOST,
602600,270,,Active,ACCOST,
602600,271,,Active,ACCOST,
602600,275,,Active,ACCOST,
602600,277,,Active,ACCOST,
602600,290,,Active,ACCOST,
602600,400,,Active,ACCOST,
602600,500,,Active,ACCOST,
602600,600,,Active,ACCOST,
602600,700,,Active,ACCOST,
602600,800,,Active,ACCOST,
602600,900,,Active,ACCOST,
602710,,,Active,ACC,
602710,101,,Active,ACCOST,
602710,110,,Active,ACCOST,
602710,120,,Active,ACCOST,
602710,130,,Active,ACCOST,
602710,150,,Active,ACCOST,
602710,200,,Active,ACCOST,
602710,205,,Active,ACCOST,
602710,210,,Active,ACCOST,
602710,215,,Active,ACCOST,
602710,220,,Active,ACCOST,
602710,230,,Active,ACCOST,
602710,231,,Active,ACCOST,
602710,232,,Active,ACCOST,
602710,233,,Active,ACCOST,
602710,234,,Active,ACCOST,
602710,235,,Active,ACCOST,
602710,236,,Active,ACCOST,
602710,237,,Active,ACCOST,
602710,238,,Active,ACCOST,
602710,239,,Active,ACCOST,
602710,240,,Active,ACCOST,
602710,245,,Active,ACCOST,
602710,249,,Active,ACCOST,
602710,250,,Active,ACCOST,
602710,260,,Active,ACCOST,
602710,265,,Active,ACCOST,
602710,270,,Active,ACCOST,
602710,275,,Active,ACCOST,
602710,290,,Active,ACCOST,
602710,400,,Active,ACCOST,
602710,500,,Active,ACCOST,
602710,600,,Active,ACCOST,
602710,700,,Active,ACCOST,
602710,800,,Active,ACCOST,
602710,900,,Active,ACCOST,
602720,,,Active,ACC,
602720,101,,Active,ACCOST,
602720,110,,Active,ACCOST,
602720,120,,Active,ACCOST,
602720,130,,Active,ACCOST,
602720,150,,Active,ACCOST,
602720,200,,Active,ACCOST,
602720,205,,Active,ACCOST,
602720,210,,Active,ACCOST,
602720,215,,Active,ACCOST,
602720,220,,Active,ACCOST,
602720,230,,Active,ACCOST,
602720,231,,Active,ACCOST,
602720,232,,Active,ACCOST,
602720,233,,Active,ACCOST,
602720,234,,Active,ACCOST,
602720,235,,Active,ACCOST,
602720,236,,Active,ACCOST,
602720,237,,Active,ACCOST,
602720,238,,Active,ACCOST,
602720,239,,Active,ACCOST,
602720,240,,Active,ACCOST,
602720,245,,Active,ACCOST,
602720,249,,Active,ACCOST,
602720,250,,Active,ACCOST,
602720,260,,Active,ACCOST,
602720,265,,Active,ACCOST,
602720,270,,Active,ACCOST,
602720,275,,Active,ACCOST,
602720,290,,Active,ACCOST,
602720,400,,Active,ACCOST,
602720,500,,Active,ACCOST,
602720,600,,Active,ACCOST,
602720,700,,Active,ACCOST,
602720,800,,Active,ACCOST,
602720,900,,Active,ACCOST,
602810,,,Active,ACC,
602810,101,,Active,ACCOST,
602810,110,,Active,ACCOST,
602810,150,,Active,ACCOST,
602810,230,,Active,ACCOST,
602810,400,,Active,ACCOST,
602810,700,,Active,ACCOST,
602810,800,,Active,ACCOST,
602810,900,,Active,ACCOST,
602820,101,,Active,ACCOST,
602820,230,,Active,ACCOST,
602900,,,Active,ACC,
602999,,,Active,ACC,
603100,,,Active,ACC,
603100,101,,Active,ACCOST,
603100,110,,Active,ACCOST,
603100,120,,Active,ACCOST,
603100,130,,Active,ACCOST,
603100,150,,Active,ACCOST,
603100,200,,Active,ACCOST,
603100,205,,Active,ACCOST,
603100,210,,Active,ACCOST,
603100,215,,Active,ACCOST,
603100,220,,Active,ACCOST,
603100,230,,Active,ACCOST,
603100,231,,Active,ACCOST,
603100,240,,Active,ACCOST,
603100,241,,Active,ACCOST,
603100,245,,Active,ACCOST,
603100,249,,Active,ACCOST,
603100,260,,Active,ACCOST,
603100,261,,Active,ACCOST,
603100,265,,Active,ACCOST,
603100,270,,Active,ACCOST,
603100,271,,Active,ACCOST,
603100,275,,Active,ACCOST,
603100,290,,Active,ACCOST,
603100,400,,Active,ACCOST,
603100,500,,Active,ACCOST,
603100,600,,Active,ACCOST,
603100,700,,Active,ACCOST,
603100,800,,Active,ACCOST,
603100,900,,Active,ACCOST,
603200,,,Active,ACC,
603200,101,,Active,ACCOST,
603200,110,,Active,ACCOST,
603200,120,,Active,ACCOST,
603200,130,,Active,ACCOST,
603200,150,,Active,ACCOST,
603200,200,,Active,ACCOST,
603200,205,,Active,ACCOST,
603200,210,,Active,ACCOST,
603200,215,,Active,ACCOST,
603200,220,,Active,ACCOST,
603200,230,,Active,ACCOST,
603200,231,,Active,ACCOST,
603200,240,,Active,ACCOST,
603200,241,,Active,ACCOST,
603200,245,,Active,ACCOST,
603200,249,,Active,ACCOST,
603200,260,,Active,ACCOST,
603200,261,,Active,ACCOST,
603200,265,,Active,ACCOST,
603200,270,,Active,ACCOST,
603200,271,,Active,ACCOST,
603200,275,,Active,ACCOST,
603200,290,,Active,ACCOST,
603200,400,,Active,ACCOST,
603200,500,,Active,ACCOST,
603200,600,,Active,ACCOST,
603200,700,,Active,ACCOST,
603200,800,,Active,ACCOST,
603200,900,,Active,ACCOST,
603300,,,Active,ACC,
603300,101,,Active,ACCOST,
603300,110,,Active,ACCOST,
603300,120,,Active,ACCOST,
603300,130,,Active,ACCOST,
603300,150,,Active,ACCOST,
603300,200,,Active,ACCOST,
603300,205,,Active,ACCOST,
603300,210,,Active,ACCOST,
603300,215,,Active,ACCOST,
603300,220,,Active,ACCOST,
603300,230,,Active,ACCOST,
603300,231,,Active,ACCOST,
603300,240,,Active,ACCOST,
603300,241,,Active,ACCOST,
603300,245,,Active,ACCOST,
603300,249,,Active,ACCOST,
603300,260,,Active,ACCOST,
603300,261,,Active,ACCOST,
603300,265,,Active,ACCOST,
603300,270,,Active,ACCOST,
603300,271,,Active,ACCOST,
603300,275,,Active,ACCOST,
603300,290,,Active,ACCOST,
603300,400,,Active,ACCOST,
603300,500,,Active,ACCOST,
603300,600,,Active,ACCOST,
603300,700,,Active,ACCOST,
603300,800,,Active,ACCOST,
603300,900,,Active,ACCOST,
603410,230,,Active,ACCOST,
603410,240,,Active,ACCOST,
603410,260,,Active,ACCOST,
603410,265,,Active,ACCOST,
603410,270,,Active,ACCOST,
603410,275,,Active,ACCOST,
603420,,,Active,ACC,
603420,230,,Active,ACCOST,
603420,240,,Active,ACCOST,
603420,245,,Active,ACCOST,
603420,249,,Active,ACCOST,
603420,260,,Active,ACCOST,
603420,265,,Active,ACCOST,
603420,270,,Active,ACCOST,
603420,275,,Active,ACCOST,
603420,290,,Active,ACCOST,
603430,230,,Active,ACCOST,
603430,400,,Active,ACCOST,
603440,,,Active,ACC,
603440,200,,Active,ACCOST,
603440,205,,Active,ACCOST,
603440,210,,Active,ACCOST,
603440,215,,Active,ACCOST,
603440,220,,Active,ACCOST,
603440,230,,Active,ACCOST,
603440,231,,Active,ACCOST,
603440,232,,Active,ACCOST,
603440,233,,Active,ACCOST,
603440,234,,Active,ACCOST,
603440,235,,Active,ACCOST,
603440,236,,Active,ACCOST,
603440,237,,Active,ACCOST,
603440,238,,Active,ACCOST,
603440,239,,Active,ACCOST,
603440,240,,Active,ACCOST,
603440,241,,Active,ACCOST,
603440,245,,Active,ACCOST,
603440,249,,Active,ACCOST,
603440,250,,Active,ACCOST,
603440,260,,Active,ACCOST,
603440,261,,Active,ACCOST,
603440,265,,Active,ACCOST,
603440,270,,Active,ACCOST,
603440,275,,Active,ACCOST,
603440,290,,Active,ACCOST,
603440,400,,Active,ACCOST,
603440,500,,Active,ACCOST,
603440,600,,Active,ACCOST,
603440,700,,Active,ACCOST,
603440,800,,Active,ACCOST,
603440,900,,Active,ACCOST,
603450,230,,Active,ACCOST,
603460,,,Active,ACC,
603460,101,,Active,ACCOST,
603460,110,,Active,ACCOST,
603460,120,,Active,ACCOST,
603460,130,,Active,ACCOST,
603460,150,,Active,ACCOST,
603460,200,,Active,ACCOST,
603460,205,,Active,ACCOST,
603460,210,,Active,ACCOST,
603460,215,,Active,ACCOST,
603460,220,,Active,ACCOST,
603460,230,,Active,ACCOST,
603460,231,,Active,ACCOST,
603460,232,,Active,ACCOST,
603460,233,,Active,ACCOST,
603460,234,,Active,ACCOST,
603460,235,,Active,ACCOST,
603460,236,,Active,ACCOST,
603460,237,,Active,ACCOST,
603460,238,,Active,ACCOST,
603460,239,,Active,ACCOST,
603460,240,,Active,ACCOST,
603460,245,,Active,ACCOST,
603460,249,,Active,ACCOST,
603460,250,,Active,ACCOST,
603460,260,,Active,ACCOST,
603460,265,,Active,ACCOST,
603460,270,,Active,ACCOST,
603460,275,,Active,ACCOST,
603460,290,,Active,ACCOST,
603460,400,,Active,ACCOST,
603460,500,,Active,ACCOST,
603460,600,,Active,ACCOST,
603460,700,,Active,ACCOST,
603460,800,,Active,ACCOST,
603460,900,,Active,ACCOST,
603470,230,,Active,ACCOST,
603480,230,,Active,ACCOST,
603490,,,Active,ACC,
603490,100,,Active,ACCOST,
603490,101,,Active,ACCOST,
603490,110,,Active,ACCOST,
603490,120,,Active,ACCOST,
603490,130,,Active,ACCOST,
603490,150,,Active,ACCOST,
603490,200,,Active,ACCOST,
603490,205,,Active,ACCOST,
603490,210,,Active,ACCOST,
603490,215,,Active,ACCOST,
603490,220,,Active,ACCOST,
603490,230,,Active,ACCOST,
603490,231,,Active,ACCOST,
603490,232,,Active,ACCOST,
603490,233,,Active,ACCOST,
603490,234,,Active,ACCOST,
603490,235,,Active,ACCOST,
603490,236,,Active,ACCOST,
603490,237,,Active,ACCOST,
603490,238,,Active,ACCOST,
603490,239,,Active,ACCOST,
603490,240,,Active,ACCOST,
603490,241,,Active,ACCOST,
603490,245,,Active,ACCOST,
603490,249,,Active,ACCOST,
603490,250,,Active,ACCOST,
603490,260,,Active,ACCOST,
603490,265,,Active,ACCOST,
603490,270,,Active,ACCOST,
603490,271,,Active,ACCOST,
603490,275,,Active,ACCOST,
603490,277,,Active,ACCOST,
603490,290,,Active,ACCOST,
603490,400,,Active,ACCOST,
603490,500,,Active,ACCOST,
603490,600,,Active,ACCOST,
603490,700,,Active,ACCOST,
603490,800,,Active,ACCOST,
603490,900,,Active,ACCOST,
603491,100,,Active,ACCOST,
603491,230,,Active,ACCOST,
603900,,,Active,ACC,
603999,,,Active,ACC,
604110,101,,Active,ACCOST,
604115,101,,Active,ACCOST,
604120,101,,Active,ACCOST,
604120,110,,Active,ACCOST,
604125,101,,Active,ACCOST,
604125,110,,Active,ACCOST,
604130,101,,Active,ACCOST,
604210,101,,Active,ACCOST,
604220,101,,Active,ACCOST,
604230,101,,Active,ACCOST,
604310,101,,Active,ACCOST,
604320,101,,Active,ACCOST,
604330,101,,Active,ACCOST,
604410,101,,Active,ACCOST,
604410,110,,Active,ACCOST,
604420,101,,Active,ACCOST,
604420,110,,Active,ACCOST,
604510,101,,Active,ACCOST,
604510,110,,Active,ACCOST,
604511,101,,Active,ACCOST,
604512,101,,Active,ACCOST,
604513,101,,Active,ACCOST,
604515,101,,Active,ACCOST,
604515,110,,Active,ACCOST,
604516,101,,Active,ACCOST,
604520,101,,Active,ACCOST,
604525,101,,Active,ACCOST,
604560,,,Active,ACC,
604561,101,,Active,ACCOST,
604565,101,,Active,ACCOST,
604610,101,,Active,ACCOST,
604620,101,,Active,ACCOST,
604650,,,Active,ACC,
604650,101,,Active,ACCOST,
604700,101,,Active,ACCOST,
604710,101,,Active,ACCOST,
604720,101,,Active,ACCOST,
604810,,,Active,ACC,
605100,101,,Active,ACCOST,
605200,101,,Active,ACCOST,
605300,101,,Active,ACCOST,
605400,101,,Active,ACCOST,
605500,101,,Active,ACCOST,
606100,101,,Active,ACCOST,
606200,101,,Active,ACCOST,
606300,101,,Active,ACCOST,
607100,101,,Active,ACCOST,
607200,101,,Active,ACCOST,
607300,101,,Active,ACCOST,
608100,101,,Active,ACCOST,
608150,101,,Active,ACCOST,
608200,101,,Active,ACCOST,
608250,101,,Active,ACCOST,
609100,101,,Active,ACCOST,
609100,110,,Active,ACCOST,
609100,120,,Active,ACCOST,
609100,230,,Active,ACCOST,
609100,240,,Active,ACCOST,
609100,250,,Active,ACCOST,
609200,101,,Active,ACCOST,
609200,110,,Active,ACCOST,
609200,120,,Active,ACCOST,
609200,230,,Active,ACCOST,
609200,240,,Active,ACCOST,
609200,250,,Active,ACCOST,
610100,101,,Active,ACCOST,
610100,400,,Active,ACCOST,
610200,101,,Active,ACCOST,
611100,101,,Active,ACCOST,
611100,110,,Active,ACCOST,
611200,101,,Active,ACCOST,
611200,110,,Active,ACCOST,
612100,101,,Active,ACCOST,
612200,101,,Active,ACCOST,
613100,101,,Active,ACCOST,
613200,101,,Active,ACCOST,
613300,101,,Active,ACCOST,
613400,101,,Active,ACCOST,
613500,101,,Active,ACCOST,
613600,101,,Active,ACCOST,
614100,101,,Active,ACCOST,
614200,101,,Active,ACCOST,
614300,101,,Active,ACCOST,
615200,,,Active,ACC,
615200,101,,Active,ACCOST,
615200,110,,Active,ACCOST,
615200,120,,Active,ACCOST,
615200,130,,Active,ACCOST,
615200,150,,Active,ACCOST,
615200,200,,Active,ACCOST,
615200,205,,Active,ACCOST,
615200,210,,Active,ACCOST,
615200,215,,Active,ACCOST,
615200,220,,Active,ACCOST,
615200,230,,Active,ACCOST,
615200,240,,Active,ACCOST,
615200,245,,Active,ACCOST,
615200,249,,Active,ACCOST,
615200,260,,Active,ACCOST,
615200,265,,Active,ACCOST,
615200,270,,Active,ACCOST,
615200,275,,Active,ACCOST,
615200,290,,Active,ACCOST,
615200,400,,Active,ACCOST,
615200,500,,Active,ACCOST,
615200,600,,Active,ACCOST,
615200,700,,Active,ACCOST,
615200,800,,Active,ACCOST,
615200,900,,Active,ACCOST,
615210,101,,Active,ACCOST,
615210,230,,Active,ACCOST,
615220,101,,Active,ACCOST,
615220,230,,Active,ACCOST,
615300,101,,Active,ACCOST,
615400,,,Active,ACC,
615400,101,,Active,ACCOST,
615400,110,,Active,ACCOST,
615400,120,,Active,ACCOST,
615400,130,,Active,ACCOST,
615400,150,,Active,ACCOST,
615400,200,,Active,ACCOST,
615400,205,,Active,ACCOST,
615400,210,,Active,ACCOST,
615400,215,,Active,ACCOST,
615400,220,,Active,ACCOST,
615400,230,,Active,ACCOST,
615400,240,,Active,ACCOST,
615400,245,,Active,ACCOST,
615400,249,,Active,ACCOST,
615400,250,,Active,ACCOST,
615400,260,,Active,ACCOST,
615400,265,,Active,ACCOST,
615400,270,,Active,ACCOST,
615400,275,,Active,ACCOST,
615400,290,,Active,ACCOST,
615400,400,,Active,ACCOST,
615400,500,,Active,ACCOST,
615400,600,,Active,ACCOST,
615400,700,,Active,ACCOST,
615400,800,,Active,ACCOST,
615400,900,,Active,ACCOST,
615410,230,,Active,ACCOST,
615420,230,,Active,ACCOST,
615500,,,Active,ACC,
615500,101,,Active,ACCOST,
615500,110,,Active,ACCOST,
615500,120,,Active,ACCOST,
615500,130,,Active,ACCOST,
615500,150,,Active,ACCOST,
615500,200,,Active,ACCOST,
615500,205,,Active,ACCOST,
615500,210,,Active,ACCOST,
615500,215,,Active,ACCOST,
615500,220,,Active,ACCOST,
615500,230,,Active,ACCOST,
615500,240,,Active,ACCOST,
615500,245,,Active,ACCOST,
615500,249,,Active,ACCOST,
615500,250,,Active,ACCOST,
615500,260,,Active,ACCOST,
615500,265,,Active,ACCOST,
615500,270,,Active,ACCOST,
615500,275,,Active,ACCOST,
615500,290,,Active,ACCOST,
615500,400,,Active,ACCOST,
615500,500,,Active,ACCOST,
615500,600,,Active,ACCOST,
615500,700,,Active,ACCOST,
615500,800,,Active,ACCOST,
615500,900,,Active,ACCOST,
615510,101,,Active,ACCOST,
615510,230,,Active,ACCOST,
615520,101,,Active,ACCOST,
615520,230,,Active,ACCOST,
615600,,,Active,ACC,
615600,101,,Active,ACCOST,
615600,110,,Active,ACCOST,
615600,120,,Active,ACCOST,
615600,130,,Active,ACCOST,
615600,150,,Active,ACCOST,
615600,200,,Active,ACCOST,
615600,205,,Active,ACCOST,
615600,210,,Active,ACCOST,
615600,215,,Active,ACCOST,
615600,220,,Active,ACCOST,
615600,230,,Active,ACCOST,
615600,231,,Active,ACCOST,
615600,232,,Active,ACCOST,
615600,233,,Active,ACCOST,
615600,234,,Active,ACCOST,
615600,235,,Active,ACCOST,
615600,236,,Active,ACCOST,
615600,240,,Active,ACCOST,
615600,245,,Active,ACCOST,
615600,249,,Active,ACCOST,
615600,250,,Active,ACCOST,
615600,260,,Active,ACCOST,
615600,265,,Active,ACCOST,
615600,270,,Active,ACCOST,
615600,275,,Active,ACCOST,
615600,290,,Active,ACCOST,
615600,400,,Active,ACCOST,
615600,500,,Active,ACCOST,
615600,600,,Active,ACCOST,
615600,700,,Active,ACCOST,
615600,800,,Active,ACCOST,
615600,900,,Active,ACCOST,
615610,230,,Active,ACCOST,
615610,250,,Active,ACCOST,
615620,230,,Active,ACCOST,
615620,250,,Active,ACCOST,
615700,,,Active,ACC,
615700,101,,Active,ACCOST,
615700,110,,Active,ACCOST,
615700,120,,Active,ACCOST,
615700,130,,Active,ACCOST,
615700,150,,Active,ACCOST,
615700,200,,Active,ACCOST,
615700,205,,Active,ACCOST,
615700,210,,Active,ACCOST,
615700,215,,Active,ACCOST,
615700,220,,Active,ACCOST,
615700,230,,Active,ACCOST,
615700,231,,Active,ACCOST,
615700,232,,Active,ACCOST,
615700,233,,Active,ACCOST,
615700,234,,Active,ACCOST,
615700,235,,Active,ACCOST,
615700,236,,Active,ACCOST,
615700,240,,Active,ACCOST,
615700,245,,Active,ACCOST,
615700,249,,Active,ACCOST,
615700,250,,Active,ACCOST,
615700,260,,Active,ACCOST,
615700,265,,Active,ACCOST,
615700,270,,Active,ACCOST,
615700,275,,Active,ACCOST,
615700,290,,Active,ACCOST,
615700,400,,Active,ACCOST,
615700,500,,Active,ACCOST,
615700,600,,Active,ACCOST,
615700,700,,Active,ACCOST,
615700,800,,Active,ACCOST,
615700,900,,Active,ACCOST,
615710,230,,Active,ACCOST,
615720,230,,Active,ACCOST,
615800,,,Active,ACC,
615800,101,,Active,ACCOST,
615800,110,,Active,ACCOST,
615800,120,,Active,ACCOST,
615800,130,,Active,ACCOST,
615800,150,,Active,ACCOST,
615800,200,,Active,ACCOST,
615800,205,,Active,ACCOST,
615800,210,,Active,ACCOST,
615800,215,,Active,ACCOST,
615800,220,,Active,ACCOST,
615800,230,,Active,ACCOST,
615800,240,,Active,ACCOST,
615800,245,,Active,ACCOST,
615800,249,,Active,ACCOST,
615800,250,,Active,ACCOST,
615800,260,,Active,ACCOST,
615800,265,,Active,ACCOST,
615800,270,,Active,ACCOST,
615800,275,,Active,ACCOST,
615800,290,,Active,ACCOST,
615800,400,,Active,ACCOST,
615800,500,,Active,ACCOST,
615800,600,,Active,ACCOST,
615800,700,,Active,ACCOST,
615800,800,,Active,ACCOST,
615800,900,,Active,ACCOST,
615900,,,Active,ACC,
615900,101,,Active,ACCOST,
615900,110,,Active,ACCOST,
615900,120,,Active,ACCOST,
615900,130,,Active,ACCOST,
615900,150,,Active,ACCOST,
615900,200,,Active,ACCOST,
615900,205,,Active,ACCOST,
615900,210,,Active,ACCOST,
615900,215,,Active,ACCOST,
615900,220,,Active,ACCOST,
615900,230,,Active,ACCOST,
615900,231,,Active,ACCOST,
615900,232,,Active,ACCOST,
615900,233,,Active,ACCOST,
615900,234,,Active,ACCOST,
615900,235,,Active,ACCOST,
615900,236,,Active,ACCOST,
615900,240,,Active,ACCOST,
615900,245,,Active,ACCOST,
615900,249,,Active,ACCOST,
615900,250,,Active,ACCOST,
615900,260,,Active,ACCOST,
615900,265,,Active,ACCOST,
615900,270,,Active,ACCOST,
615900,275,,Active,ACCOST,
615900,290,,Active,ACCOST,
615900,400,,Active,ACCOST,
615900,500,,Active,ACCOST,
615900,600,,Active,ACCOST,
615900,700,,Active,ACCOST,
615900,800,,Active,ACCOST,
615900,900,,Active,ACCOST,
615910,230,,Active,ACCOST,
615920,230,,Active,ACCOST,
616100,101,,Active,ACCOST,
617200,,,Active,ACC,
617200,101,,Active,ACCOST,
617200,110,,Active,ACCOST,
617200,120,,Active,ACCOST,
617200,130,,Active,ACCOST,
617200,150,,Active,ACCOST,
617200,200,,Active,ACCOST,
617200,205,,Active,ACCOST,
617200,210,,Active,ACCOST,
617200,215,,Active,ACCOST,
617200,220,,Active,ACCOST,
617200,230,,Active,ACCOST,
617200,240,,Active,ACCOST,
617200,245,,Active,ACCOST,
617200,249,,Active,ACCOST,
617200,260,,Active,ACCOST,
617200,265,,Active,ACCOST,
617200,270,,Active,ACCOST,
617200,275,,Active,ACCOST,
617200,290,,Active,ACCOST,
617200,400,,Active,ACCOST,
617200,500,,Active,ACCOST,
617200,600,,Active,ACCOST,
617200,700,,Active,ACCOST,
617200,800,,Active,ACCOST,
617200,900,,Active,ACCOST,
617300,,,Active,ACC,
617300,101,,Active,ACCOST,
617300,110,,Active,ACCOST,
617300,120,,Active,ACCOST,
617300,130,,Active,ACCOST,
617300,150,,Active,ACCOST,
617300,200,,Active,ACCOST,
617300,205,,Active,ACCOST,
617300,210,,Active,ACCOST,
617300,215,,Active,ACCOST,
617300,220,,Active,ACCOST,
617300,230,,Active,ACCOST,
617300,240,,Active,ACCOST,
617300,245,,Active,ACCOST,
617300,249,,Active,ACCOST,
617300,260,,Active,ACCOST,
617300,265,,Active,ACCOST,
617300,270,,Active,ACCOST,
617300,275,,Active,ACCOST,
617300,290,,Active,ACCOST,
617300,400,,Active,ACCOST,
617300,500,,Active,ACCOST,
617300,600,,Active,ACCOST,
617300,700,,Active,ACCOST,
617300,800,,Active,ACCOST,
617300,900,,Active,ACCOST,
617400,101,,Active,ACCOST,
617400,110,,Active,ACCOST,
617400,120,,Active,ACCOST,
617400,230,,Active,ACCOST,
617400,231,,Active,ACCOST,
617400,232,,Active,ACCOST,
617400,233,,Active,ACCOST,
617400,234,,Active,ACCOST,
617400,235,,Active,ACCOST,
617400,236,,Active,ACCOST,
617400,240,,Active,ACCOST,
617400,250,,Active,ACCOST,
617500,,,Active,ACC,
617500,101,,Active,ACCOST,
617500,110,,Active,ACCOST,
617500,120,,Active,ACCOST,
617500,130,,Active,ACCOST,
617500,150,,Active,ACCOST,
617500,200,,Active,ACCOST,
617500,205,,Active,ACCOST,
617500,210,,Active,ACCOST,
617500,215,,Active,ACCOST,
617500,220,,Active,ACCOST,
617500,230,,Active,ACCOST,
617500,231,,Active,ACCOST,
617500,239,,Active,ACCOST,
617500,240,,Active,ACCOST,
617500,245,,Active,ACCOST,
617500,249,,Active,ACCOST,
617500,250,,Active,ACCOST,
617500,260,,Active,ACCOST,
617500,265,,Active,ACCOST,
617500,270,,Active,ACCOST,
617500,275,,Active,ACCOST,
617500,290,,Active,ACCOST,
617500,400,,Active,ACCOST,
617500,500,,Active,ACCOST,
617500,600,,Active,ACCOST,
617500,700,,Active,ACCOST,
617500,800,,Active,ACCOST,
617500,900,,Active,ACCOST,
617600,,,Active,ACC,
617600,101,,Active,ACCOST,
617600,110,,Active,ACCOST,
617600,120,,Active,ACCOST,
617600,130,,Active,ACCOST,
617600,150,,Active,ACCOST,
617600,200,,Active,ACCOST,
617600,205,,Active,ACCOST,
617600,210,,Active,ACCOST,
617600,215,,Active,ACCOST,
617600,220,,Active,ACCOST,
617600,230,,Active,ACCOST,
617600,231,,Active,ACCOST,
617600,232,,Active,ACCOST,
617600,233,,Active,ACCOST,
617600,234,,Active,ACCOST,
617600,235,,Active,ACCOST,
617600,236,,Active,ACCOST,
617600,237,,Active,ACCOST,
617600,239,,Active,ACCOST,
617600,240,,Active,ACCOST,
617600,245,,Active,ACCOST,
617600,249,,Active,ACCOST,
617600,250,,Active,ACCOST,
617600,260,,Active,ACCOST,
617600,265,,Active,ACCOST,
617600,270,,Active,ACCOST,
617600,275,,Active,ACCOST,
617600,290,,Active,ACCOST,
617600,400,,Active,ACCOST,
617600,500,,Active,ACCOST,
617600,600,,Active,ACCOST,
617600,700,,Active,ACCOST,
617600,800,,Active,ACCOST,
617600,900,,Active,ACCOST,
617700,,,Active,ACC,
617700,200,,Active,ACCOST,
617700,205,,Active,ACCOST,
617700,210,,Active,ACCOST,
617700,215,,Active,ACCOST,
617700,220,,Active,ACCOST,
617700,230,,Active,ACCOST,
617700,231,,Active,ACCOST,
617700,232,,Active,ACCOST,
617700,233,,Active,ACCOST,
617700,234,,Active,ACCOST,
617700,235,,Active,ACCOST,
617700,236,,Active,ACCOST,
617700,237,,Active,ACCOST,
617700,240,,Active,ACCOST,
617700,245,,Active,ACCOST,
617700,249,,Active,ACCOST,
617700,250,,Active,ACCOST,
617700,260,,Active,ACCOST,
617700,265,,Active,ACCOST,
617700,270,,Active,ACCOST,
617700,275,,Active,ACCOST,
617700,290,,Active,ACCOST,
617700,400,,Active,ACCOST,
617700,500,,Active,ACCOST,
617700,600,,Active,ACCOST,
617700,700,,Active,ACCOST,
617700,800,,Active,ACCOST,
617700,900,,Active,ACCOST,
617800,,,Active,ACC,
617800,101,,Active,ACCOST,
617800,110,,Active,ACCOST,
617800,120,,Active,ACCOST,
617800,130,,Active,ACCOST,
617800,150,,Active,ACCOST,
617800,200,,Active,ACCOST,
617800,205,,Active,ACCOST,
617800,210,,Active,ACCOST,
617800,215,,Active,ACCOST,
617800,220,,Active,ACCOST,
617800,230,,Active,ACCOST,
617800,231,,Active,ACCOST,
617800,232,,Active,ACCOST,
617800,233,,Active,ACCOST,
617800,234,,Active,ACCOST,
617800,235,,Active,ACCOST,
617800,236,,Active,ACCOST,
617800,240,,Active,ACCOST,
617800,245,,Active,ACCOST,
617800,249,,Active,ACCOST,
617800,250,,Active,ACCOST,
617800,260,,Active,ACCOST,
617800,265,,Active,ACCOST,
617800,270,,Active,ACCOST,
617800,275,,Active,ACCOST,
617800,290,,Active,ACCOST,
617800,400,,Active,ACCOST,
617800,500,,Active,ACCOST,
617800,600,,Active,ACCOST,
617800,700,,Active,ACCOST,
617800,800,,Active,ACCOST,
617800,900,,Active,ACCOST,
617900,,,Active,ACC,
617900,101,,Active,ACCOST,
617900,110,,Active,ACCOST,
617900,120,,Active,ACCOST,
617900,130,,Active,ACCOST,
617900,150,,Active,ACCOST,
617900,200,,Active,ACCOST,
617900,205,,Active,ACCOST,
617900,210,,Active,ACCOST,
617900,215,,Active,ACCOST,
617900,220,,Active,ACCOST,
617900,230,,Active,ACCOST,
617900,231,,Active,ACCOST,
617900,232,,Active,ACCOST,
617900,233,,Active,ACCOST,
617900,234,,Active,ACCOST,
617900,235,,Active,ACCOST,
617900,236,,Active,ACCOST,
617900,237,,Active,ACCOST,
617900,240,,Active,ACCOST,
617900,245,,Active,ACCOST,
617900,249,,Active,ACCOST,
617900,250,,Active,ACCOST,
617900,260,,Active,ACCOST,
617900,265,,Active,ACCOST,
617900,270,,Active,ACCOST,
617900,275,,Active,ACCOST,
617900,290,,Active,ACCOST,
617900,400,,Active,ACCOST,
617900,500,,Active,ACCOST,
617900,600,,Active,ACCOST,
617900,700,,Active,ACCOST,
617900,800,,Active,ACCOST,
617900,900,,Active,ACCOST,
618201,101,,Active,ACCOST,
618400,101,,Active,ACCOST,
618500,101,,Active,ACCOST,
618600,101,,Active,ACCOST,
618700,101,,Active,ACCOST,
618700,400,,Active,ACCOST,
618800,101,,Active,ACCOST,
618800,400,,Active,ACCOST,
618900,101,,Active,ACCOST,
618901,101,,Active,ACCOST,
619100,101,,Active,ACCOST,
619100,230,,Active,ACCOST,
619200,101,,Active,ACCOST,
619200,230,,Active,ACCOST,
619200,233,,Active,ACCOST,
619200,234,,Active,ACCOST,
619300,101,,Active,ACCOST,
619300,230,,Active,ACCOST,
619300,236,,Active,ACCOST,
619400,101,,Active,ACCOST,
619400,230,,Active,ACCOST,
619400,235,,Active,ACCOST,
620100,230,,Active,ACCOST,
620200,101,,Active,ACCOST,
620200,230,,Active,ACCOST,
620200,233,,Active,ACCOST,
620200,234,,Active,ACCOST,
620300,101,,Active,ACCOST,
620300,230,,Active,ACCOST,
620300,236,,Active,ACCOST,
620400,101,,Active,ACCOST,
620400,230,,Active,ACCOST,
620400,236,,Active,ACCOST,
621100,101,,Active,ACCOST,
621100,230,,Active,ACCOST,
621100,600,,Active,ACCOST,
621200,101,,Active,ACCOST,
621200,230,,Active,ACCOST,
621200,233,,Active,ACCOST,
621200,234,,Active,ACCOST,
621300,101,,Active,ACCOST,
621300,230,,Active,ACCOST,
621300,236,,Active,ACCOST,
621400,101,,Active,ACCOST,
621400,230,,Active,ACCOST,
621400,235,,Active,ACCOST,
622100,101,,Active,ACCOST,
622100,230,,Active,ACCOST,
622100,400,,Active,ACCOST,
622200,101,,Active,ACCOST,
622200,230,,Active,ACCOST,
623100,101,,Active,ACCOST,
623110,101,,Active,ACCOST,
623130,101,,Active,ACCOST,
624100,101,,Active,ACCOST,
624200,101,,Active,ACCOST,
624300,101,,Active,ACCOST,
624400,101,,Active,ACCOST,
624410,101,,Active,ACCOST,
624430,101,,Active,ACCOST,
624500,101,,Active,ACCOST,
624600,101,,Active,ACCOST,
625100,,,Active,ACC,
625100,101,,Active,ACCOST,
625100,110,,Active,ACCOST,
625100,120,,Active,ACCOST,
625100,130,,Active,ACCOST,
625100,150,,Active,ACCOST,
625100,230,,Active,ACCOST,
625100,240,,Active,ACCOST,
625100,250,,Active,ACCOST,
625100,400,,Active,ACCOST,
625100,700,,Active,ACCOST,
625100,800,,Active,ACCOST,
625100,900,,Active,ACCOST,
625200,,,Active,ACC,
625200,101,,Active,ACCOST,
625200,110,,Active,ACCOST,
625200,120,,Active,ACCOST,
625200,130,,Active,ACCOST,
625200,150,,Active,ACCOST,
625200,230,,Active,ACCOST,
625200,240,,Active,ACCOST,
625200,250,,Active,ACCOST,
625200,400,,Active,ACCOST,
625200,700,,Active,ACCOST,
625200,800,,Active,ACCOST,
625200,900,,Active,ACCOST,
626100,101,,Active,ACCOST,
626100,230,,Active,ACCOST,
626100,240,,Active,ACCOST,
626200,101,,Active,ACCOST,
626200,230,,Active,ACCOST,
626200,231,,Active,ACCOST,
626200,232,,Active,ACCOST,
626200,233,,Active,ACCOST,
626200,234,,Active,ACCOST,
626200,235,,Active,ACCOST,
626200,236,,Active,ACCOST,
627100,101,,Active,ACCOST,
627100,230,,Active,ACCOST,
627105,101,,Active,ACCOST,
627200,101,,Active,ACCOST,
628100,101,,Active,ACCOST,
628200,101,,Active,ACCOST,
628250,101,,Active,ACCOST,
628300,101,,Active,ACCOST,
629100,101,,Active,ACCOST,
629200,101,,Active,ACCOST,
629200,230,,Active,ACCOST,
630000,,,Active,ACC,
630000,101,,Active,ACCOST,
630000,110,,Active,ACCOST,
630000,230,,Active,ACCOST,
630000,240,,Active,ACCOST,
630000,250,,Active,ACCOST,
630005,101,,Active,ACCOST,
630005,110,,Active,ACCOST,
630005,230,,Active,ACCOST,
630005,240,,Active,ACCOST,
630005,250,,Active,ACCOST,
632000,101,,Active,ACCOST,
632000,230,,Active,ACCOST,
632000,240,,Active,ACCOST,
632000,250,,Active,ACCOST,
699000,,,Active,ACC,
699999,,,Active,ACC,
711110,101,,Active,ACCOST,
711120,101,,Active,ACCOST,
711130,101,,Active,ACCOST,
711200,101,,Active,ACCOST,
711300,101,,Active,ACCOST,
711400,101,,Active,ACCOST,
712000,101,,Active,ACCOST,
713000,101,,Active,ACCOST,
714000,101,,Active,ACCOST,
719000,101,,Active,ACCOST,
720000,,,Active,ACC,
751110,101,,Active,ACCOST,
751120,101,,Active,ACCOST,
751125,101,,Active,ACCOST,
751210,101,,Active,ACCOST,
751220,101,,Active,ACCOST,
751230,101,,Active,ACCOST,
751300,101,,Active,ACCOST,
751400,101,,Active,ACCOST,
751500,101,,Active,ACCOST,
751600,101,,Active,ACCOST,
751700,,,Active,ACC,
751710,,,Active,ACC,
751720,,,Active,ACC,
751730,,,Active,ACC,
751740,,,Active,ACC,
751750,,,Active,ACC,
751760,,,Active,ACC,
752000,101,,Active,ACCOST,
753000,101,,Active,ACCOST,
754000,101,,Active,ACCOST,
759000,101,,Active,ACCOST,
761000,,,Active,ACC,
762000,,,Active,ACC,
810000,,,Active,ACC,
910000,,,Active,ACC,
910001,,,Active,ACC,
910002,,,Active,ACC,
910003,,,Active,ACC,
